Param Counts,Max Valid Scores,Max Test Scores
5958,0.9363636363636364,0.9363636363636364
8964,0.9393939393939394,0.9393939393939394
12051,0.9424242424242424,0.9424242424242424
15192,0.9484848484848485,0.9484848484848485
18387,0.9515151515151515,0.9515151515151515
