Param Counts,Max Valid Scores,Max Test Scores
6403,0.8181818181818182,0.8181818181818182
