Param Counts,Max Valid Scores,Max Test Scores
6403,0.4909090909090909,0.4909090909090909
13074,0.6848484848484848,0.6848484848484848
